{
  "hash": "aee33569",
  "configHash": "6a712c43",
  "lockfileHash": "cdf8c28e",
  "browserHash": "4d5558c6",
  "optimized": {
    "@angular/common": {
      "src": "../../../../../node_modules/@angular/common/fesm2022/common.mjs",
      "file": "@angular_common.js",
      "fileHash": "a78f7d05",
      "needsInterop": false
    },
    "@angular/core": {
      "src": "../../../../../node_modules/@angular/core/fesm2022/core.mjs",
      "file": "@angular_core.js",
      "fileHash": "881fc3c4",
      "needsInterop": false
    },
    "@angular/platform-browser": {
      "src": "../../../../../node_modules/@angular/platform-browser/fesm2022/platform-browser.mjs",
      "file": "@angular_platform-browser.js",
      "fileHash": "308c4486",
      "needsInterop": false
    }
  },
  "chunks": {
    "chunk-NFRJSW6D": {
      "file": "chunk-NFRJSW6D.js"
    },
    "chunk-FQUZM6OW": {
      "file": "chunk-FQUZM6OW.js"
    }
  }
}